,order_id,segment,shipmode,sales
0,CA-2011-100293,Home Office,Standard Class,91.056
1,CA-2011-100706,Consumer,Second Class,129.44
2,CA-2011-100895,Consumer,Standard Class,605.47
3,CA-2011-100916,Corporate,Standard Class,788.86
4,CA-2011-101266,Consumer,Second Class,13.36
5,CA-2011-101560,Corporate,Second Class,542.3399999999999
6,CA-2011-101770,Corporate,Standard Class,1.8690000000000004
7,CA-2011-102274,Corporate,Standard Class,865.5
8,CA-2011-102673,Corporate,Standard Class,1044.4399999999998
9,CA-2011-102988,Corporate,Second Class,4251.919999999999
10,CA-2011-103317,Corporate,First Class,242.54600000000002
11,CA-2011-103366,Consumer,First Class,149.95
12,CA-2011-103807,Corporate,Standard Class,21.19
13,CA-2011-103989,Corporate,First Class,590.7620000000002
14,CA-2011-104283,Consumer,Standard Class,616.14
15,CA-2011-106054,Corporate,First Class,12.78
16,CA-2011-106810,Corporate,Standard Class,310.88000000000005
17,CA-2011-107573,Consumer,Standard Class,23.472
18,CA-2011-107811,Corporate,Standard Class,661.5040000000001
19,CA-2011-108707,Home Office,Standard Class,10.368000000000002
20,CA-2011-109043,Consumer,First Class,243.60000000000002
21,CA-2011-109232,Consumer,Second Class,545.9399999999999
22,CA-2011-110100,Consumer,Standard Class,302.376
23,CA-2011-110408,Corporate,Second Class,2216.8
24,CA-2011-110422,Consumer,Second Class,25.248
25,CA-2011-111500,Corporate,Standard Class,484.78999999999996
26,CA-2011-111934,Corporate,First Class,47.32
27,CA-2011-112718,Corporate,Standard Class,1.1670000000000003
28,CA-2011-113047,Consumer,Same Day,11.850000000000001
29,CA-2011-113166,Consumer,First Class,9.568000000000001
30,CA-2011-114314,Corporate,Standard Class,16.23
31,CA-2011-114321,Corporate,Standard Class,1417.35
32,CA-2011-114335,Consumer,Standard Class,337.088
33,CA-2011-114790,Corporate,Second Class,782.6300000000001
34,CA-2011-115084,Corporate,Standard Class,605.34
35,CA-2011-115357,Consumer,Second Class,62.91
36,CA-2011-116190,Consumer,Standard Class,256.47999999999996
37,CA-2011-116239,Consumer,Same Day,354.90000000000003
38,CA-2011-116407,Consumer,Standard Class,362.17600000000004
39,CA-2011-116568,Consumer,Standard Class,186.304
40,CA-2011-117016,Consumer,Standard Class,15.552000000000003
41,CA-2011-117345,Corporate,Standard Class,202.89600000000002
42,CA-2011-117639,Corporate,Standard Class,3333.9000000000005
43,CA-2011-120432,Corporate,Second Class,25.5
44,CA-2011-120670,Home Office,Standard Class,799.9200000000001
45,CA-2011-120768,Consumer,Second Class,1979.89
46,CA-2011-120950,Consumer,Standard Class,43.68
47,CA-2011-121286,Corporate,Second Class,66.61600000000001
48,CA-2011-122217,Home Office,Standard Class,111.15
49,CA-2011-123400,Consumer,Standard Class,199.29600000000002
50,CA-2011-123925,Consumer,Second Class,40.05
51,CA-2011-124023,Consumer,First Class,8.96
52,CA-2011-124618,Consumer,Second Class,479.98400000000004
53,CA-2011-124688,Corporate,First Class,1812.01
54,CA-2011-125136,Corporate,Standard Class,106.944
55,CA-2011-125682,Corporate,First Class,9.96
56,CA-2011-127299,Consumer,Standard Class,2692.329
57,CA-2011-127488,Consumer,Second Class,4.608
58,CA-2011-127614,Consumer,Standard Class,1508.13
59,CA-2011-128839,Consumer,Standard Class,254.96999999999997
60,CA-2011-128846,Corporate,Standard Class,752.92
61,CA-2011-129091,Corporate,Standard Class,1022.61
62,CA-2011-129819,Corporate,Second Class,12.39
63,CA-2011-130155,Consumer,First Class,34.2
64,CA-2011-130428,Consumer,Same Day,1142.1649999999997
65,CA-2011-130918,Consumer,Second Class,7.6320000000000014
66,CA-2011-131527,Consumer,Standard Class,95.968
67,CA-2011-131541,Consumer,Same Day,193.152
68,CA-2011-131905,Corporate,First Class,321.56
69,CA-2011-132010,Home Office,First Class,389.74
70,CA-2011-132612,Consumer,Second Class,1441.3
71,CA-2011-133634,Home Office,Standard Class,47.79
72,CA-2011-134551,Consumer,Standard Class,732.312
73,CA-2011-134621,Home Office,Standard Class,18.240000000000002
74,CA-2011-136336,Corporate,Standard Class,828.8399999999999
75,CA-2011-136567,Home Office,First Class,2884.37
76,CA-2011-136861,Consumer,First Class,31.983999999999998
77,CA-2011-137911,Corporate,Standard Class,88.768
78,CA-2011-138296,Consumer,Standard Class,24.56
79,CA-2011-138527,Corporate,Standard Class,192.424
80,CA-2011-138709,Consumer,Standard Class,37.44
81,CA-2011-140165,Home Office,First Class,405.456
82,CA-2011-140886,Consumer,Standard Class,69.21600000000001
83,CA-2011-142727,Consumer,Second Class,69.9
84,CA-2011-142951,Consumer,Same Day,23.472
85,CA-2011-143182,Consumer,Standard Class,15.384
86,CA-2011-143840,Consumer,Standard Class,180.93
87,CA-2011-145317,Home Office,Standard Class,23661.228
88,CA-2011-145576,Consumer,Second Class,26.128
89,CA-2011-146731,Consumer,Standard Class,147.34400000000002
90,CA-2011-146885,Corporate,Standard Class,13.620000000000001
91,CA-2011-148285,Home Office,Standard Class,22.320000000000004
92,CA-2011-148425,Corporate,Standard Class,6.642000000000001
93,CA-2011-149020,Corporate,Standard Class,54.83
94,CA-2011-149538,Corporate,Standard Class,364.92999999999995
95,CA-2011-149958,Consumer,Standard Class,370.78200000000004
96,CA-2011-151953,Corporate,Standard Class,2.8160000000000003
97,CA-2011-151967,Corporate,Standard Class,129.92
98,CA-2011-152254,Consumer,Same Day,310.688
99,CA-2011-152268,Consumer,Standard Class,1793.98
100,CA-2011-152562,Corporate,Standard Class,75.16
101,CA-2011-152849,Corporate,Standard Class,4.368
102,CA-2011-153087,Corporate,Standard Class,521.92
103,CA-2011-153913,Corporate,Second Class,1015.8160000000001
104,CA-2011-153927,Consumer,First Class,286.65000000000003
105,CA-2011-154158,Consumer,Second Class,619.8480000000002
106,CA-2011-155208,Corporate,Standard Class,39.072
107,CA-2011-155390,Consumer,Standard Class,42.208
108,CA-2011-155852,Consumer,Second Class,19.456000000000003
109,CA-2011-156006,Consumer,Second Class,47.79
110,CA-2011-156244,Home Office,Standard Class,457.744
111,CA-2011-156790,Consumer,Second Class,155.45600000000002
112,CA-2011-157609,Home Office,Second Class,471.92
113,CA-2011-157784,Consumer,First Class,514.0300000000001
114,CA-2011-158274,Home Office,Second Class,682.91
115,CA-2011-158470,Consumer,Second Class,129.33
116,CA-2011-158771,Corporate,Same Day,158.70999999999998
117,CA-2011-159184,Consumer,Standard Class,149.56
118,CA-2011-159681,Consumer,Standard Class,105.52
119,CA-2011-160094,Consumer,First Class,1000.95
120,CA-2011-160276,Corporate,Standard Class,177.68
121,CA-2011-160773,Corporate,Standard Class,581.1039999999999
122,CA-2011-161634,Consumer,Standard Class,32.400000000000006
123,CA-2011-162775,Corporate,Second Class,1287.26
124,CA-2011-163013,Consumer,Standard Class,14.669999999999998
125,CA-2011-163223,Corporate,Standard Class,3769.5600000000004
126,CA-2011-163293,Corporate,First Class,116.85
127,CA-2011-164315,Consumer,Standard Class,1220.67
128,CA-2011-164749,Consumer,First Class,9.912
129,CA-2011-164910,Corporate,Second Class,7.872
130,CA-2011-165764,Consumer,Standard Class,1395.6730000000002
131,CA-2011-165806,Home Office,Same Day,259.28999999999996
132,CA-2011-166051,Consumer,Standard Class,773.7
133,CA-2011-166457,Consumer,Second Class,40.54
134,CA-2011-166730,Consumer,First Class,39.128
135,CA-2011-167199,Home Office,Standard Class,4374.88
136,CA-2011-167850,Corporate,Standard Class,193.936
137,CA-2011-169257,Consumer,Standard Class,63.381
138,CA-2011-169684,Corporate,First Class,426.942
139,CA-2011-169775,Consumer,Second Class,709.0425000000001
140,CA-2012-100769,Home Office,Same Day,255.968
141,CA-2012-100888,Consumer,Standard Class,47.952000000000005
142,CA-2012-101868,Consumer,Standard Class,175.32
143,CA-2012-102260,Home Office,Standard Class,763.508
144,CA-2012-102491,Consumer,Standard Class,3747.9300000000003
145,CA-2012-102582,Consumer,Standard Class,1918.79
146,CA-2012-102722,Consumer,First Class,106.5
147,CA-2012-102778,Consumer,First Class,18.176
148,CA-2012-103093,Consumer,Standard Class,74.52
149,CA-2012-103135,Home Office,Standard Class,525.95
150,CA-2012-103772,Home Office,Standard Class,260.31
151,CA-2012-103793,Corporate,Standard Class,74.352
152,CA-2012-103870,Corporate,Standard Class,284.44000000000005
153,CA-2012-104038,Corporate,First Class,176.63
154,CA-2012-104115,Consumer,Standard Class,55.98400000000001
155,CA-2012-104241,Corporate,Standard Class,192.22
156,CA-2012-104941,Corporate,Standard Class,976.29
157,CA-2012-105571,Corporate,Standard Class,1361.631
158,CA-2012-106187,Corporate,Standard Class,268.4
159,CA-2012-107678,Consumer,Standard Class,893.09
160,CA-2012-108119,Consumer,Standard Class,301.96
161,CA-2012-108259,Corporate,Standard Class,81.135
162,CA-2012-109386,Consumer,Second Class,750.93
163,CA-2012-109470,Corporate,Second Class,596.48
164,CA-2012-109708,Corporate,Second Class,467.03999999999996
165,CA-2012-110247,Consumer,Standard Class,8.226
166,CA-2012-110345,Consumer,Second Class,4.608
167,CA-2012-110947,Home Office,Standard Class,113.10000000000001
168,CA-2012-111199,Consumer,Standard Class,115.296
169,CA-2012-111703,Consumer,Standard Class,27.504000000000005
170,CA-2012-112375,Consumer,Standard Class,78.19200000000001
171,CA-2012-113628,Corporate,Standard Class,792.508
172,CA-2012-114300,Consumer,Standard Class,371.65999999999997
173,CA-2012-114503,Consumer,Standard Class,84.96000000000001
174,CA-2012-115091,Home Office,Standard Class,75.04
175,CA-2012-115847,Home Office,Second Class,61.96
176,CA-2012-115938,Consumer,Standard Class,535.36
177,CA-2012-116638,Consumer,Second Class,4297.644
178,CA-2012-116750,Corporate,Second Class,12.158000000000003
179,CA-2012-117828,Consumer,First Class,194.32
180,CA-2012-117884,Consumer,Same Day,598.352
181,CA-2012-118444,Consumer,Standard Class,387.136
182,CA-2012-118843,Consumer,Standard Class,199.86
183,CA-2012-119480,Consumer,Standard Class,364.07
184,CA-2012-119592,Corporate,Second Class,3.76
185,CA-2012-119634,Consumer,Standard Class,46.152
186,CA-2012-120516,Consumer,Standard Class,5.64
187,CA-2012-120621,Consumer,Standard Class,1270.379
188,CA-2012-120845,Corporate,Standard Class,22.549000000000003
189,CA-2012-121552,Corporate,Standard Class,19.56
190,CA-2012-121720,Corporate,First Class,3165.744
191,CA-2012-122168,Corporate,Standard Class,53.28
192,CA-2012-122266,Consumer,Standard Class,194.1395
193,CA-2012-123092,Consumer,Standard Class,288.85
194,CA-2012-123330,Consumer,Standard Class,107.97600000000001
195,CA-2012-125066,Corporate,Standard Class,62.459999999999994
196,CA-2012-125563,Consumer,Standard Class,121.88799999999999
197,CA-2012-125696,Home Office,Standard Class,7.380000000000001
198,CA-2012-125976,Consumer,Standard Class,2026.7800000000002
199,CA-2012-128027,Consumer,Second Class,269.49
200,CA-2012-128083,Corporate,Standard Class,45.976000000000006
201,CA-2012-128139,Consumer,Standard Class,365.91
202,CA-2012-128958,Home Office,Standard Class,13.120000000000001
203,CA-2012-129098,Consumer,Standard Class,30.84
204,CA-2012-130218,Consumer,First Class,59.480000000000004
205,CA-2012-131422,Corporate,Standard Class,207.0
206,CA-2012-132318,Consumer,First Class,182.91
207,CA-2012-133242,Consumer,Standard Class,1046.47
208,CA-2012-133396,Corporate,First Class,64.68
209,CA-2012-133977,Home Office,Second Class,3.444000000000001
210,CA-2012-134257,Consumer,Second Class,498.93
211,CA-2012-134719,Consumer,Standard Class,1801.632
212,CA-2012-134782,Consumer,Standard Class,105.42
213,CA-2012-134894,Consumer,Standard Class,436.86
214,CA-2012-134992,Home Office,Second Class,80.38
215,CA-2012-135510,Home Office,Standard Class,67.96
216,CA-2012-136147,Consumer,Standard Class,233.06400000000002
217,CA-2012-136224,Consumer,Same Day,10.272000000000002
218,CA-2012-137106,Corporate,Standard Class,79.96
219,CA-2012-137281,Corporate,Standard Class,6.48
220,CA-2012-137974,Consumer,First Class,2298.8999999999996
221,CA-2012-138457,Consumer,Standard Class,13.092000000000002
222,CA-2012-138625,Consumer,First Class,197.72
223,CA-2012-140718,Corporate,First Class,246.36400000000003
224,CA-2012-140830,Home Office,Second Class,89.36
225,CA-2012-141145,Consumer,Standard Class,87.168
226,CA-2012-141327,Consumer,First Class,440.144
227,CA-2012-141565,Consumer,Standard Class,1664.132
228,CA-2012-141754,Home Office,Standard Class,11.696
229,CA-2012-142202,Corporate,Second Class,717.1200000000001
230,CA-2012-142755,Consumer,Standard Class,919.4899999999999
231,CA-2012-143119,Consumer,Standard Class,517.5
232,CA-2012-143532,Consumer,Standard Class,14.496000000000002
233,CA-2012-144288,Consumer,Standard Class,19.584000000000003
234,CA-2012-145324,Home Office,Standard Class,39.96
235,CA-2012-145352,Consumer,Standard Class,6412.7699999999995
236,CA-2012-147011,Corporate,Standard Class,13.632
237,CA-2012-147102,Corporate,Standard Class,66.36
238,CA-2012-147529,Corporate,Standard Class,324.10999999999996
239,CA-2012-147879,Consumer,Standard Class,45.68
240,CA-2012-148705,Consumer,Standard Class,5.04
241,CA-2012-149300,Consumer,First Class,32.985
242,CA-2012-149342,Corporate,Standard Class,896.31
243,CA-2012-149734,Corporate,Standard Class,200.98400000000004
244,CA-2012-150308,Corporate,Standard Class,246.168
245,CA-2012-150560,Consumer,First Class,196.62
246,CA-2012-150749,Consumer,Second Class,5.56
247,CA-2012-151547,Consumer,Standard Class,88.96000000000001
248,CA-2012-151624,Corporate,Standard Class,21.36
249,CA-2012-153038,Corporate,Standard Class,94.68800000000002
250,CA-2012-153325,Consumer,Second Class,58.72
251,CA-2012-153535,Consumer,Standard Class,169.54399999999998
252,CA-2012-153549,Home Office,Second Class,1166.92
253,CA-2012-153626,Consumer,Standard Class,5.16
254,CA-2012-153752,Consumer,Second Class,173.94
255,CA-2012-154291,Corporate,Standard Class,457.03999999999996
256,CA-2012-154746,Corporate,First Class,860.07
257,CA-2012-154921,Corporate,Standard Class,186.69
258,CA-2012-155068,Consumer,Same Day,78.456
259,CA-2012-155453,Corporate,Standard Class,4.608
260,CA-2012-155600,Consumer,Second Class,1635.0180000000003
261,CA-2012-155635,Consumer,Standard Class,48.81
262,CA-2012-156328,Consumer,Standard Class,177.48000000000002
263,CA-2012-156734,Corporate,First Class,670.001
264,CA-2012-158148,Consumer,Standard Class,36.269999999999996
265,CA-2012-158323,Corporate,First Class,17.088
266,CA-2012-158421,Consumer,Standard Class,3631.96
267,CA-2012-160059,Home Office,Standard Class,6.24
268,CA-2012-160696,Corporate,Standard Class,7.240000000000001
269,CA-2012-161445,Corporate,Second Class,140.736
270,CA-2012-161998,Corporate,Standard Class,277.632
271,CA-2012-162201,Corporate,Standard Class,937.6080000000001
272,CA-2012-162537,Consumer,Standard Class,104.51
273,CA-2012-162761,Consumer,Standard Class,50.462
274,CA-2012-163237,Corporate,Second Class,520.03
275,CA-2012-163923,Home Office,Standard Class,151.96
276,CA-2012-163965,Consumer,Standard Class,377.90200000000004
277,CA-2012-164427,Corporate,Standard Class,239.70000000000002
278,CA-2012-165414,Consumer,First Class,47.976
279,CA-2012-165624,Consumer,Standard Class,1142.4299999999998
280,CA-2012-166604,Corporate,Second Class,17.94
281,CA-2012-166975,Corporate,Standard Class,692.472
282,CA-2012-167696,Consumer,Standard Class,31.12
283,CA-2012-168004,Corporate,Second Class,392.93999999999994
284,CA-2012-168459,Consumer,Standard Class,58.050000000000004
285,CA-2012-169572,Corporate,Standard Class,46.62
286,CA-2012-169677,Corporate,Second Class,9.82
287,CA-2012-169733,Consumer,Second Class,9.952
288,CA-2012-169740,Consumer,Standard Class,29.99
289,CA-2013-100307,Home Office,Standard Class,19.44
290,CA-2013-101378,Consumer,Same Day,29.0
291,CA-2013-101469,Consumer,Standard Class,7.7
292,CA-2013-101525,Consumer,Second Class,140.52
293,CA-2013-102092,Consumer,First Class,1056.86
294,CA-2013-102162,Consumer,Standard Class,1611.01
295,CA-2013-102498,Consumer,First Class,73.2
296,CA-2013-104157,Consumer,Standard Class,2503.47
297,CA-2013-104276,Consumer,Standard Class,447.7830000000001
298,CA-2013-105256,Consumer,Same Day,1363.96
299,CA-2013-105662,Home Office,Standard Class,270.728
300,CA-2013-105753,Home Office,Standard Class,61.1
301,CA-2013-106558,Corporate,Standard Class,316.0
302,CA-2013-106894,Consumer,Same Day,107.83
303,CA-2013-106950,Consumer,Standard Class,1854.2410000000002
304,CA-2013-108105,Consumer,Standard Class,323.88
305,CA-2013-108567,Consumer,Standard Class,2.6940000000000004
306,CA-2013-108616,Consumer,Standard Class,298.83
307,CA-2013-109344,Home Office,Second Class,1127.976
308,CA-2013-109407,Corporate,Second Class,31.36
309,CA-2013-109722,Consumer,Second Class,1284.8000000000002
310,CA-2013-109743,Corporate,Standard Class,104.712
311,CA-2013-109911,Corporate,Standard Class,10.96
312,CA-2013-110254,Home Office,Standard Class,158.81
313,CA-2013-110492,Consumer,First Class,1366.0400000000002
314,CA-2013-111409,Consumer,Standard Class,3.0
315,CA-2013-111605,Consumer,Standard Class,2.61
316,CA-2013-112102,Consumer,Standard Class,448.81
317,CA-2013-112277,Corporate,Standard Class,519.68
318,CA-2013-112676,Corporate,First Class,14.352000000000002
319,CA-2013-112697,Corporate,Second Class,1410.0660000000003
320,CA-2013-113236,Corporate,Second Class,232.62400000000002
321,CA-2013-113292,Consumer,Second Class,871.8000000000001
322,CA-2013-113733,Consumer,Standard Class,334.25600000000003
323,CA-2013-113747,Consumer,Standard Class,185.88
324,CA-2013-113831,Corporate,Standard Class,4317.3
325,CA-2013-113845,Corporate,Standard Class,574.056
326,CA-2013-114713,Corporate,Standard Class,45.584
327,CA-2013-115504,Corporate,Standard Class,12.96
328,CA-2013-116232,Consumer,Standard Class,24.066
329,CA-2013-116764,Corporate,Standard Class,9.216
330,CA-2013-116918,Consumer,Second Class,36.364
331,CA-2013-117604,Consumer,Standard Class,239.5
332,CA-2013-118073,Corporate,Standard Class,562.2925000000001
333,CA-2013-118178,Corporate,Standard Class,31.086000000000006
334,CA-2013-118514,Consumer,Standard Class,866.4
335,CA-2013-118626,Consumer,Standard Class,705.544
336,CA-2013-118934,Home Office,Standard Class,16.218000000000004
337,CA-2013-119074,Corporate,Standard Class,92.69999999999999
338,CA-2013-119515,Consumer,First Class,15.552000000000003
339,CA-2013-119823,Consumer,First Class,75.88
340,CA-2013-120873,Consumer,Second Class,290.98
341,CA-2013-121020,Home Office,Standard Class,239.976
342,CA-2013-121958,Consumer,Standard Class,52.136
343,CA-2013-122518,Corporate,Second Class,10.08
344,CA-2013-123176,Consumer,Second Class,31.830000000000002
345,CA-2013-123414,Home Office,Standard Class,37.264
346,CA-2013-123533,Home Office,Standard Class,392.8320000000001
347,CA-2013-123617,Corporate,Standard Class,7.434000000000001
348,CA-2013-123946,Corporate,Standard Class,1159.06
349,CA-2013-124254,Corporate,Standard Class,191.808
350,CA-2013-124772,Consumer,First Class,191.82
351,CA-2013-125017,Corporate,Standard Class,132.22400000000002
352,CA-2013-125843,Consumer,First Class,125.92000000000002
353,CA-2013-127208,Corporate,First Class,224.9
354,CA-2013-127698,Consumer,Same Day,863.928
355,CA-2013-127985,Home Office,Second Class,7.04
356,CA-2013-130001,Corporate,Standard Class,36.24000000000001
357,CA-2013-130442,Consumer,First Class,34.944
358,CA-2013-130820,Corporate,Same Day,630.024
359,CA-2013-131065,Consumer,Second Class,513.52
360,CA-2013-131205,Consumer,Standard Class,291.73999999999995
361,CA-2013-131968,Home Office,Standard Class,681.4320000000001
362,CA-2013-132549,Consumer,Standard Class,73.36
363,CA-2013-133123,Consumer,Standard Class,99.15599999999999
364,CA-2013-133368,Consumer,Standard Class,405.34400000000005
365,CA-2013-133711,Corporate,First Class,3236.41
366,CA-2013-133872,Consumer,First Class,58.400000000000006
367,CA-2013-134208,Consumer,Standard Class,396.0
368,CA-2013-134474,Corporate,Second Class,255.904
369,CA-2013-134516,Corporate,Standard Class,115.47999999999999
370,CA-2013-134789,Home Office,Standard Class,215.83999999999997
371,CA-2013-135636,Consumer,Standard Class,387.72
372,CA-2013-136126,Home Office,Same Day,261.1
373,CA-2013-136231,Consumer,Second Class,228.58599999999998
374,CA-2013-136322,Home Office,Standard Class,74.32000000000001
375,CA-2013-136483,Consumer,Standard Class,4.704
376,CA-2013-137043,Consumer,Second Class,859.14
377,CA-2013-137736,Consumer,Standard Class,41.86
378,CA-2013-138695,Corporate,Standard Class,452.464
379,CA-2013-139269,Home Office,Standard Class,1311.9699999999998
380,CA-2013-139381,Consumer,Standard Class,233.48
381,CA-2013-139689,Corporate,Standard Class,40.896
382,CA-2013-140543,Consumer,Second Class,191.88
383,CA-2013-140571,Home Office,Standard Class,365.44
384,CA-2013-140641,Consumer,Standard Class,38.19000000000001
385,CA-2013-140928,Corporate,Standard Class,383.438
386,CA-2013-140977,Home Office,Second Class,91.475
387,CA-2013-141180,Consumer,Second Class,7.764000000000001
388,CA-2013-142097,Corporate,Standard Class,342.76
389,CA-2013-142370,Consumer,Standard Class,254.99
390,CA-2013-142895,Consumer,Standard Class,370.184
391,CA-2013-143308,Consumer,Same Day,10.74
392,CA-2013-143805,Corporate,Second Class,2145.2499999999995
393,CA-2013-144344,Consumer,Same Day,314.39300000000003
394,CA-2013-145247,Consumer,First Class,79.14
395,CA-2013-145499,Consumer,First Class,3.2820000000000005
396,CA-2013-145709,Corporate,Standard Class,64.24799999999999
397,CA-2013-145905,Consumer,Standard Class,1264.14
398,CA-2013-146143,Consumer,Standard Class,133.38
399,CA-2013-146150,Consumer,Standard Class,264.18
400,CA-2013-146171,Home Office,Standard Class,558.24
401,CA-2013-147368,Consumer,First Class,695.7
402,CA-2013-148684,Consumer,Standard Class,870.04
403,CA-2013-149111,Home Office,Second Class,55.416000000000004
404,CA-2013-149454,Home Office,First Class,10.44
405,CA-2013-149783,Consumer,Second Class,131.104
406,CA-2013-149979,Consumer,Second Class,487.21999999999997
407,CA-2013-150000,Consumer,Standard Class,17.92
408,CA-2013-151155,Home Office,Standard Class,34.34
409,CA-2013-152156,Consumer,Second Class,993.8999999999999
410,CA-2013-152163,Consumer,Same Day,85.5
411,CA-2013-152471,Consumer,Same Day,839.9440000000002
412,CA-2013-153318,Corporate,First Class,783.9600000000002
413,CA-2013-154060,Consumer,Standard Class,187.056
414,CA-2013-154403,Home Office,Standard Class,4.98
415,CA-2013-154690,Consumer,Second Class,225.29600000000002
416,CA-2013-155138,Consumer,Standard Class,99.87200000000001
417,CA-2013-155439,Home Office,Standard Class,25.92
418,CA-2013-155670,Consumer,Second Class,21.504000000000005
419,CA-2013-156503,Consumer,Standard Class,305.248
420,CA-2013-156573,Consumer,Standard Class,60.485
421,CA-2013-157161,Corporate,Second Class,199.18
422,CA-2013-157245,Consumer,Standard Class,641.96
423,CA-2013-157280,Consumer,First Class,1120.73
424,CA-2013-157364,Consumer,First Class,18.48
425,CA-2013-157588,Consumer,Standard Class,88.15
426,CA-2013-157763,Corporate,Standard Class,140.81
427,CA-2013-158841,Consumer,Second Class,8805.04
428,CA-2013-159142,Home Office,First Class,177.78
429,CA-2013-159212,Home Office,Standard Class,273.59000000000003
430,CA-2013-159653,Consumer,Same Day,14.73
431,CA-2013-159765,Consumer,Second Class,27.86
432,CA-2013-159891,Home Office,Standard Class,1396.35
433,CA-2013-159989,Consumer,Standard Class,40.68
434,CA-2013-160234,Consumer,Standard Class,135.95
435,CA-2013-160486,Consumer,Standard Class,72.224
436,CA-2013-160598,Corporate,First Class,31.008
437,CA-2013-162159,Home Office,First Class,121.78
438,CA-2013-162236,Corporate,Second Class,1106.9240000000002
439,CA-2013-162355,Consumer,Second Class,1302.83
440,CA-2013-162747,Corporate,Second Class,86.45
441,CA-2013-162901,Corporate,First Class,31.4
442,CA-2013-163167,Corporate,Second Class,2673.69
443,CA-2013-163174,Consumer,Standard Class,186.54
444,CA-2013-163776,Consumer,Standard Class,1110.5
445,CA-2013-164350,Home Office,Second Class,67.56
446,CA-2013-164574,Consumer,Standard Class,732.156
447,CA-2013-164735,Consumer,Second Class,81.19999999999999
448,CA-2013-164784,Consumer,First Class,377.346
449,CA-2013-165316,Corporate,Standard Class,324.38700000000006
450,CA-2013-165470,Home Office,Standard Class,5.08
451,CA-2013-165827,Corporate,Standard Class,50.496
452,CA-2013-166282,Consumer,Standard Class,158.256
453,CA-2013-166380,Corporate,Standard Class,138.53
454,CA-2013-166485,Consumer,Standard Class,16.496000000000002
455,CA-2013-168536,Consumer,Standard Class,66.30000000000001
456,CA-2013-168753,Consumer,Second Class,1002.7
457,CA-2013-168893,Consumer,Second Class,903.7700000000001
458,CA-2013-169026,Home Office,Standard Class,23.34
459,CA-2013-169103,Consumer,Standard Class,1466.32
460,CA-2013-169334,Consumer,Second Class,111.67200000000001
461,CA-2014-100412,Home Office,Standard Class,141.96
462,CA-2014-100426,Consumer,Standard Class,12.48
463,CA-2014-100622,Consumer,Standard Class,1030.7420000000002
464,CA-2014-100902,Consumer,Standard Class,699.4000000000001
465,CA-2014-101042,Consumer,Standard Class,843.8399999999999
466,CA-2014-101210,Consumer,Second Class,13.152000000000001
467,CA-2014-101273,Consumer,Second Class,14.336000000000002
468,CA-2014-101483,Consumer,Second Class,61.21600000000001
469,CA-2014-102204,Consumer,Standard Class,3740.51
470,CA-2014-102309,Consumer,Second Class,212.91000000000003
471,CA-2014-102554,Home Office,Standard Class,3.76
472,CA-2014-102610,Consumer,Standard Class,248.396
473,CA-2014-102736,Consumer,Standard Class,177.07999999999998
474,CA-2014-103009,Corporate,Second Class,26.400000000000002
475,CA-2014-103065,Consumer,Same Day,59.82400000000001
476,CA-2014-103212,Consumer,First Class,1541.51
477,CA-2014-103499,Consumer,Standard Class,209.56799999999998
478,CA-2014-104318,Corporate,Standard Class,20.768
479,CA-2014-104731,Consumer,Standard Class,951.98
480,CA-2014-104864,Corporate,Second Class,552.856
481,CA-2014-105620,Consumer,First Class,141.0
482,CA-2014-106537,Consumer,Standard Class,20.736000000000004
483,CA-2014-107167,Corporate,Standard Class,1347.5200000000002
484,CA-2014-107209,Consumer,Second Class,194.848
485,CA-2014-107461,Consumer,Second Class,23.88
486,CA-2014-108035,Consumer,Standard Class,491.88800000000003
487,CA-2014-108112,Consumer,Standard Class,559.2
488,CA-2014-108287,Consumer,First Class,12.672
489,CA-2014-108322,Corporate,Standard Class,26.056000000000004
490,CA-2014-109183,Consumer,Standard Class,649.0
491,CA-2014-109589,Consumer,First Class,71.0
492,CA-2014-110198,Consumer,First Class,318.96
493,CA-2014-110212,Home Office,Standard Class,48.9
494,CA-2014-110310,Corporate,Standard Class,68.967
495,CA-2014-110926,Consumer,Standard Class,25.060000000000002
496,CA-2014-112774,Consumer,First Class,34.504000000000005
497,CA-2014-113481,Corporate,First Class,740.214
498,CA-2014-113558,Home Office,Standard Class,729.6480000000001
499,CA-2014-113705,Consumer,Second Class,874.8
500,CA-2014-114055,Home Office,Second Class,819.28
501,CA-2014-114412,Consumer,Standard Class,15.552000000000003
502,CA-2014-114636,Consumer,Standard Class,192.16000000000003
503,CA-2014-115070,Corporate,Second Class,16.739000000000004
504,CA-2014-115448,Consumer,First Class,88.92000000000002
505,CA-2014-115882,Corporate,First Class,1017.1360000000001
506,CA-2014-116113,Corporate,Second Class,10.16
507,CA-2014-116855,Consumer,Standard Class,504.90000000000003
508,CA-2014-116939,Consumer,Standard Class,177.54999999999998
509,CA-2014-117079,Consumer,Standard Class,863.8799999999999
510,CA-2014-117198,Consumer,Standard Class,659.9
511,CA-2014-117695,Corporate,First Class,13.76
512,CA-2014-118402,Consumer,Standard Class,243.92
513,CA-2014-119004,Consumer,Standard Class,105.40800000000002
514,CA-2014-119284,Corporate,Standard Class,2942.784
515,CA-2014-119305,Consumer,Standard Class,173.79999999999998
516,CA-2014-119669,Consumer,Standard Class,5.67
517,CA-2014-120705,Home Office,Standard Class,147.184
518,CA-2014-120894,Consumer,Standard Class,28.08
519,CA-2014-121314,Consumer,First Class,251.64
520,CA-2014-121419,Home Office,First Class,771.8
521,CA-2014-121804,Consumer,Standard Class,72.8
522,CA-2014-121818,Consumer,First Class,52.696000000000005
523,CA-2014-122056,Consumer,Standard Class,181.86
524,CA-2014-122154,Consumer,First Class,284.19
525,CA-2014-122693,Corporate,Second Class,1245.86
526,CA-2014-122707,Corporate,First Class,503.22
527,CA-2014-122987,Consumer,Same Day,80.56400000000001
528,CA-2014-122994,Consumer,First Class,359.96999999999997
529,CA-2014-123239,Consumer,Second Class,91.03200000000001
530,CA-2014-123351,Consumer,Standard Class,80.48
531,CA-2014-123687,Corporate,First Class,234.2
532,CA-2014-124296,Consumer,Standard Class,712.85
533,CA-2014-124597,Home Office,Standard Class,32.088
534,CA-2014-124765,Consumer,Standard Class,723.92
535,CA-2014-124828,Corporate,First Class,9.552
536,CA-2014-124898,Home Office,Standard Class,184.66
537,CA-2014-125472,Consumer,First Class,253.85999999999999
538,CA-2014-125745,Corporate,Standard Class,19.52
539,CA-2014-125752,Home Office,Standard Class,41.42400000000001
540,CA-2014-126046,Corporate,Standard Class,12.39
541,CA-2014-126354,Consumer,Standard Class,119.17800000000001
542,CA-2014-126382,Corporate,Standard Class,35.168000000000006
543,CA-2014-126774,Consumer,First Class,4.89
544,CA-2014-126914,Consumer,Standard Class,776.0800000000002
545,CA-2014-127306,Consumer,Standard Class,175.086
546,CA-2014-127516,Home Office,Standard Class,64.784
547,CA-2014-127726,Consumer,Second Class,209.88
548,CA-2014-127803,Corporate,Standard Class,26.16
549,CA-2014-128300,Corporate,Second Class,406.93999999999994
550,CA-2014-128363,Consumer,Standard Class,2382.9260000000004
551,CA-2014-128475,Home Office,Standard Class,71.98
552,CA-2014-128629,Consumer,Second Class,18.84
553,CA-2014-128699,Consumer,Second Class,47.992000000000004
554,CA-2014-128755,Consumer,Standard Class,629.86
555,CA-2014-128769,Corporate,Standard Class,81.568
556,CA-2014-129021,Consumer,Second Class,4590.344000000001
557,CA-2014-129028,Corporate,First Class,127.94999999999999
558,CA-2014-129462,Consumer,Second Class,740.59
559,CA-2014-129490,Home Office,Standard Class,419.13599999999997
560,CA-2014-129910,Home Office,Standard Class,59.76
561,CA-2014-130309,Consumer,Standard Class,544.38
562,CA-2014-130834,Consumer,Second Class,16.272000000000002
563,CA-2014-130904,Consumer,Standard Class,22.744
564,CA-2014-132185,Consumer,Standard Class,52.344
565,CA-2014-132213,Home Office,First Class,109.96799999999999
566,CA-2014-133095,Home Office,Same Day,117.62
567,CA-2014-133235,Consumer,First Class,271.96
568,CA-2014-133263,Corporate,Second Class,3098.6099999999997
569,CA-2014-133501,Consumer,Standard Class,5.184000000000001
570,CA-2014-133641,Consumer,Standard Class,48.69
571,CA-2014-133928,Consumer,Standard Class,4.572000000000001
572,CA-2014-134096,Home Office,Standard Class,399.53000000000003
573,CA-2014-134495,Corporate,Second Class,269.40000000000003
574,CA-2014-134649,Corporate,Second Class,22.63
575,CA-2014-134810,Corporate,First Class,272.23199999999997
576,CA-2014-135587,Consumer,Standard Class,372.64
577,CA-2014-136826,Corporate,Standard Class,14.015999999999998
578,CA-2014-137631,Consumer,Standard Class,751.984
579,CA-2014-138779,Consumer,First Class,29.664
580,CA-2014-138975,Consumer,Standard Class,2361.52
581,CA-2014-139353,Consumer,Second Class,273.088
582,CA-2014-139493,Consumer,Standard Class,15.920000000000002
583,CA-2014-139619,Corporate,Standard Class,95.616
584,CA-2014-139787,Home Office,Standard Class,35.4
585,CA-2014-139948,Consumer,Standard Class,7.904000000000001
586,CA-2014-140088,Consumer,Second Class,301.96
587,CA-2014-140627,Consumer,Standard Class,303.32000000000005
588,CA-2014-140872,Consumer,Standard Class,1111.698
589,CA-2014-141446,Home Office,Second Class,18.0
590,CA-2014-141614,Corporate,Standard Class,20.736000000000004
591,CA-2014-142090,Consumer,Standard Class,2165.658
592,CA-2014-142671,Home Office,Second Class,11.520000000000001
593,CA-2014-143567,Corporate,Second Class,3291.0699999999997
594,CA-2014-143756,Consumer,First Class,701.96
595,CA-2014-143861,Consumer,Standard Class,17.088
596,CA-2014-144365,Consumer,Standard Class,11.68
597,CA-2014-144456,Home Office,First Class,220.056
598,CA-2014-144498,Consumer,Same Day,817.8290000000002
599,CA-2014-144694,Consumer,Second Class,253.824
600,CA-2014-145275,Consumer,Standard Class,14.940000000000001
601,CA-2014-145310,Consumer,Second Class,7.824
602,CA-2014-145702,Corporate,Second Class,342.23999999999995
603,CA-2014-145737,Consumer,Standard Class,163.96
604,CA-2014-146136,Consumer,Standard Class,24.448
605,CA-2014-146192,Consumer,Standard Class,675.0600000000001
606,CA-2014-146458,Consumer,Second Class,22.959999999999997
607,CA-2014-146535,Home Office,Standard Class,1446.8400000000001
608,CA-2014-146983,Consumer,Standard Class,1577.94
609,CA-2014-147228,Consumer,Standard Class,458.98400000000004
610,CA-2014-147333,Corporate,Standard Class,204.55
611,CA-2014-147361,Corporate,Standard Class,685.26
612,CA-2014-147760,Corporate,First Class,1883.7240000000002
613,CA-2014-148166,Home Office,Standard Class,17.856
614,CA-2014-148404,Home Office,Standard Class,1027.21
615,CA-2014-148474,Home Office,Standard Class,544.1399999999999
616,CA-2014-148810,Corporate,Standard Class,287.42400000000004
617,CA-2014-148922,Home Office,Second Class,684.7800000000001
618,CA-2014-148999,Consumer,Standard Class,419.13599999999997
619,CA-2014-149146,Home Office,Same Day,7.968000000000001
620,CA-2014-149853,Consumer,Standard Class,33.47200000000001
621,CA-2014-150910,Consumer,Standard Class,1090.348
622,CA-2014-150931,Home Office,Standard Class,33.74
623,CA-2014-151211,Home Office,Standard Class,201.09
624,CA-2014-151218,Consumer,First Class,4.464
625,CA-2014-151855,Corporate,Standard Class,39.251999999999995
626,CA-2014-152786,Consumer,Standard Class,40.410000000000004
627,CA-2014-152968,Consumer,Standard Class,23.08
628,CA-2014-153339,Corporate,Second Class,15.991999999999999
629,CA-2014-153654,Corporate,Second Class,19.008000000000003
630,CA-2014-154088,Consumer,Standard Class,26.720000000000002
631,CA-2014-154123,Home Office,Standard Class,27.58
632,CA-2014-154816,Corporate,Standard Class,5.78
633,CA-2014-155089,Home Office,Standard Class,45.66000000000001
634,CA-2014-155159,Consumer,Second Class,48.87
635,CA-2014-155292,Home Office,First Class,204.98000000000002
636,CA-2014-155698,Corporate,First Class,668.5400000000001
637,CA-2014-155705,Consumer,Second Class,866.4
638,CA-2014-155824,Corporate,Standard Class,61.876000000000005
639,CA-2014-156272,Corporate,Standard Class,64.384
640,CA-2014-156769,Consumer,First Class,54.66
641,CA-2014-157854,Corporate,Standard Class,2747.2500000000005
642,CA-2014-157931,Home Office,Second Class,830.24
643,CA-2014-158386,Consumer,Standard Class,124.75
644,CA-2014-158407,Corporate,Standard Class,103.968
645,CA-2014-158561,Corporate,Second Class,1158.12
646,CA-2014-158729,Consumer,First Class,1665.62
647,CA-2014-158743,Consumer,Standard Class,199.17000000000002
648,CA-2014-158883,Consumer,Same Day,25.344
649,CA-2014-158967,Consumer,First Class,19.104
650,CA-2014-159100,Corporate,Standard Class,1893.786
651,CA-2014-159135,Home Office,Standard Class,4.3
652,CA-2014-159464,Corporate,First Class,524.85
653,CA-2014-159667,Home Office,Standard Class,691.144
654,CA-2014-159954,Consumer,Standard Class,2.78
655,CA-2014-160017,Corporate,Standard Class,10.368000000000002
656,CA-2014-160423,Home Office,Standard Class,383.99199999999996
657,CA-2014-160458,Consumer,Second Class,25.920000000000005
658,CA-2014-160724,Corporate,Standard Class,34.5
659,CA-2014-160899,Home Office,Second Class,477.51
660,CA-2014-161046,Corporate,Same Day,839.25
661,CA-2014-161053,Consumer,First Class,726.9100000000001
662,CA-2014-161088,Home Office,Standard Class,29.84
663,CA-2014-161130,Corporate,Standard Class,361.37600000000003
664,CA-2014-161200,Consumer,Second Class,161.14000000000001
665,CA-2014-161592,Corporate,Standard Class,8.100000000000001
666,CA-2014-161851,Corporate,First Class,15.570000000000004
667,CA-2014-161970,Consumer,Standard Class,30.900000000000002
668,CA-2014-162033,Home Office,Standard Class,57.01
669,CA-2014-162173,Consumer,Standard Class,608.4300000000001
670,CA-2014-162635,Consumer,First Class,10.816
671,CA-2014-163321,Consumer,Second Class,79.992
672,CA-2014-163335,Consumer,First Class,79.0
673,CA-2014-163510,Consumer,Second Class,400.39
674,CA-2014-163629,Corporate,Standard Class,286.09
675,CA-2014-164756,Corporate,Standard Class,997.83
676,CA-2014-164917,Corporate,Standard Class,47.96
677,CA-2014-165029,Corporate,Standard Class,12.84
678,CA-2014-165204,Consumer,Second Class,728.9680000000001
679,CA-2014-165687,Consumer,Standard Class,35.04
680,CA-2014-165715,Consumer,Standard Class,32.776
681,CA-2014-165904,Home Office,Standard Class,235.44000000000003
682,CA-2014-167871,Consumer,Standard Class,47.328
683,CA-2014-167941,Consumer,Second Class,831.3680000000002
684,CA-2014-168102,Corporate,Standard Class,113.56800000000001
685,CA-2014-168389,Corporate,Standard Class,873.811
686,CA-2014-169005,Consumer,Standard Class,5.56
687,CA-2014-169012,Corporate,Standard Class,41.910000000000004
688,US-2011-102715,Consumer,Second Class,737.2
689,US-2011-107405,Corporate,Standard Class,16.272000000000002
690,US-2011-109162,Corporate,Standard Class,170.35200000000003
691,US-2011-114377,Consumer,Same Day,149.9
692,US-2011-115196,Consumer,Standard Class,1299.99
693,US-2011-117135,Consumer,Second Class,425.66999999999996
694,US-2011-117170,Consumer,Standard Class,52.608000000000004
695,US-2011-118997,Corporate,Standard Class,1215.92
696,US-2011-125521,Home Office,Standard Class,1139.92
697,US-2011-130358,Consumer,First Class,23.119999999999997
698,US-2011-138835,Home Office,Standard Class,9.64
699,US-2011-143581,Corporate,Standard Class,344.90999999999997
700,US-2011-147627,Consumer,Standard Class,1859.4
701,US-2011-147774,Corporate,Standard Class,67.194
702,US-2011-150574,Consumer,Standard Class,252.61200000000002
703,US-2011-155502,Home Office,Standard Class,944.61
704,US-2011-155544,Consumer,Standard Class,310.528
705,US-2011-155817,Home Office,Standard Class,67.75999999999999
706,US-2011-156216,Corporate,Standard Class,18.648000000000003
707,US-2011-156559,Consumer,Standard Class,638.82
708,US-2011-157231,Corporate,Standard Class,115.36
709,US-2011-158057,Consumer,Standard Class,59.109000000000016
710,US-2011-164763,Corporate,Standard Class,103.50000000000001
711,US-2011-165659,Consumer,Standard Class,904.13
712,US-2011-167633,Consumer,Standard Class,15.552000000000003
713,US-2012-106495,Consumer,First Class,11.672
714,US-2012-108966,Consumer,Standard Class,979.9455
715,US-2012-112508,Corporate,Standard Class,6.992000000000001
716,US-2012-113327,Home Office,Second Class,352.168
717,US-2012-120572,Consumer,Standard Class,12.828000000000001
718,US-2012-123960,Consumer,Standard Class,207.82
719,US-2012-129553,Consumer,Standard Class,29.97
720,US-2012-130519,Corporate,Same Day,111.904
721,US-2012-131842,Corporate,First Class,97.424
722,US-2012-134026,Consumer,Standard Class,1001.7600000000001
723,US-2012-136476,Corporate,Standard Class,157.79400000000004
724,US-2012-136749,Consumer,Second Class,433.78
725,US-2012-140851,Corporate,Second Class,38.88
726,US-2012-145436,Consumer,Standard Class,551.264
727,US-2012-148817,Corporate,Standard Class,125.64
728,US-2012-149629,Corporate,Second Class,231.92000000000002
729,US-2012-151435,Consumer,Second Class,85.98
730,US-2012-158911,Corporate,Standard Class,16.712000000000003
731,US-2012-164357,Consumer,Standard Class,13.120000000000001
732,US-2012-168732,Consumer,Standard Class,129.64
733,US-2012-168935,Consumer,Standard Class,459.43350000000004
734,US-2013-101616,Corporate,First Class,87.28
735,US-2013-102232,Corporate,Standard Class,197.04999999999998
736,US-2013-106600,Consumer,First Class,354.90000000000003
737,US-2013-108504,Home Office,Same Day,2075.51
738,US-2013-108637,Home Office,Standard Class,334.2
739,US-2013-109260,Home Office,Standard Class,431.97600000000006
740,US-2013-113649,Consumer,First Class,645.136
741,US-2013-116400,Consumer,First Class,39.92
742,US-2013-119298,Consumer,First Class,59.98
743,US-2013-120929,Consumer,Second Class,189.882
744,US-2013-121013,Consumer,Standard Class,1678.0
745,US-2013-123750,Home Office,Standard Class,895.06
746,US-2013-131891,Consumer,First Class,2.2140000000000004
747,US-2013-132857,Consumer,Standard Class,6.671999999999999
748,US-2013-134761,Consumer,Same Day,36.192
749,US-2013-135209,Home Office,Second Class,62.752
750,US-2013-135923,Consumer,Standard Class,530.2719999999999
751,US-2013-137295,Consumer,Standard Class,187.228
752,US-2013-138408,Corporate,Second Class,1319.96
753,US-2013-139262,Home Office,Standard Class,471.07800000000003
754,US-2013-140809,Corporate,First Class,56.449999999999996
755,US-2013-142251,Consumer,Second Class,32.064
756,US-2013-144393,Corporate,Standard Class,17.616000000000003
757,US-2013-146570,Home Office,Standard Class,612.14
758,US-2013-147991,Consumer,Standard Class,16.72
759,US-2013-148803,Consumer,Same Day,85.224
760,US-2013-148901,Corporate,Standard Class,191.018
761,US-2013-150357,Corporate,Standard Class,24.703000000000003
762,US-2013-150567,Corporate,Standard Class,29.97000000000001
763,US-2013-153815,Corporate,First Class,368.432
764,US-2013-155404,Home Office,Standard Class,13.28
765,US-2013-156692,Consumer,Same Day,89.32000000000001
766,US-2013-158309,Home Office,First Class,3.7440000000000007
767,US-2013-159415,Corporate,Standard Class,79.12
768,US-2013-161844,Corporate,Second Class,82.91999999999999
769,US-2013-162677,Consumer,First Class,187.616
770,US-2013-164588,Consumer,Standard Class,12.84
771,US-2013-164630,Corporate,Standard Class,959.9680000000001
772,US-2013-167472,Consumer,First Class,678.8699999999999
773,US-2013-168620,Home Office,Second Class,823.6100000000001
774,US-2013-169369,Consumer,Standard Class,299.07
775,US-2014-100930,Home Office,Standard Class,1735.8505000000002
776,US-2014-102904,Consumer,Standard Class,239.92
777,US-2014-105935,Consumer,Standard Class,3002.65
778,US-2014-108063,Consumer,First Class,34.650000000000006
779,US-2014-108315,Home Office,Standard Class,225.54600000000002
780,US-2014-109610,Corporate,Second Class,701.96
781,US-2014-114356,Home Office,Standard Class,35.96
782,US-2014-115252,Corporate,Standard Class,30.336000000000006
783,US-2014-117450,Consumer,Standard Class,107.55200000000002
784,US-2014-120390,Home Office,Standard Class,1633.1880000000003
785,US-2014-120607,Consumer,Same Day,195.64
786,US-2014-126060,Corporate,Standard Class,198.27200000000002
787,US-2014-126179,Consumer,Standard Class,311.96
788,US-2014-128118,Corporate,Standard Class,76.52100000000002
789,US-2014-128951,Corporate,First Class,1065.8400000000001
790,US-2014-129224,Home Office,Standard Class,4.608
791,US-2014-132031,Home Office,Standard Class,513.4960000000001
792,US-2014-132297,Home Office,Standard Class,598.3100000000001
793,US-2014-132675,Home Office,Standard Class,148.16000000000003
794,US-2014-133781,Consumer,First Class,37.608000000000004
795,US-2014-134642,Consumer,Standard Class,428.704
796,US-2014-135062,Consumer,Second Class,229.544
797,US-2014-135503,Corporate,Standard Class,14.76
798,US-2014-135986,Consumer,Standard Class,536.36
799,US-2014-136189,Consumer,Standard Class,82.38
800,US-2014-146822,Consumer,Standard Class,49.12
801,US-2014-146878,Consumer,Standard Class,12.294
802,US-2014-148768,Home Office,Second Class,71.976
803,US-2014-148831,Consumer,First Class,348.56
804,US-2014-149510,Consumer,Standard Class,98.446
805,US-2014-152492,Consumer,Same Day,239.24
806,US-2014-152842,Consumer,Standard Class,242.35200000000003
807,US-2014-152898,Consumer,Standard Class,67.9
808,US-2014-153633,Consumer,Second Class,2.064
809,US-2014-156083,Home Office,Standard Class,9.664000000000001
810,US-2014-158526,Consumer,Second Class,1814.6799999999998
811,US-2014-159205,Home Office,Second Class,732.93
812,US-2014-162208,Corporate,First Class,2.8960000000000004
813,US-2014-162558,Home Office,First Class,2437.672
814,US-2014-162670,Corporate,Second Class,1152.8700000000001
815,US-2014-163195,Consumer,Second Class,29.160000000000004
816,US-2014-165953,Consumer,Standard Class,71.096
817,US-2014-166233,Consumer,Standard Class,24.0
818,US-2014-166611,Corporate,Standard Class,68.74200000000002
819,US-2014-167920,Consumer,Second Class,1827.51
820,US-2014-168116,Corporate,Same Day,8167.419999999999
821,US-2014-168690,Consumer,Standard Class,2.8080000000000007
